date,treas3mo,treas2yr,treas10yr,Aaa,Baa
JAN1962,2.7571002,3.54926818,4.08318182,4.42000008,5.07999992
FEB1962,2.77051439,3.52257222,4.03944444,4.42000008,5.06999969
MAR1962,2.76078657,3.25231818,3.93045455,4.39000034,5.03999996
APR1962,2.76719161,3.173265,3.843,4.32999992,5.02000046
MAY1962,2.7220799,3.19045909,3.87363636,4.27999973,5
JUN1962,2.76576745,3.16659048,3.90904762,4.27999973,5.02000046
JUL1962,2.96224037,3.40234762,4.01428571,4.34000015,5.05000019
AUG1962,2.86202071,3.23988696,3.97565217,4.35000038,5.06000042
SEP1962,2.8141173,3.16356842,3.97894737,4.31999969,5.02999973
OCT1962,2.77921831,3.08128182,3.92545455,4.27999973,4.98999977
NOV1962,2.86960637,3.16342105,3.91578947,4.25,4.96000004
DEC1962,2.90556751,3.15797,3.8645,4.23999977,4.92000008
JAN1963,2.9483289,3.20419091,3.83363636,4.21000004,4.90999985
FEB1963,2.96143583,3.15625556,3.92111111,4.18999958,4.89000034
MAR1963,2.93279368,3.20516667,3.92857143,4.18999958,4.88000011
APR1963,2.93762101,3.27445238,3.97095238,4.21000004,4.86999989
MAY1963,2.96537814,3.23369545,3.93,4.22000027,4.85000038
JUN1963,3.0297505,3.315385,3.993,4.22999954,4.84000015
JUL1963,3.22019413,3.5242,4.02045455,4.26000023,4.84000015
AUG1963,3.36810643,3.5772,4.00227273,4.28999996,4.82999992
SEP1963,3.42307808,3.62022,4.0775,4.31000042,4.84000015
OCT1963,3.49714607,3.63201304,4.10608696,4.31999969,4.82999992
NOV1963,3.5679511,3.73819412,4.12176471,4.32999992,4.84000015
DEC1963,3.56758196,3.80278571,4.12857143,4.35000038,4.85000038
JAN1964,3.57177289,3.83340909,4.16681818,4.39000034,4.82999992
FEB1964,3.5792478,3.83178889,4.14555556,4.35999966,4.82999992
MAR1964,3.59268364,3.9885619,4.21952381,4.38000011,4.82999992
APR1964,3.51924364,3.97587273,4.23227273,4.39999962,4.85000038
MAY1964,3.52292991,3.86741,4.2,4.40999985,4.85000038
JUN1964,3.52339069,3.85084545,4.17,4.40999985,4.85000038
JUL1964,3.50904631,3.72659091,4.18590909,4.39999962,4.82999992
AUG1964,3.5448939,3.73938095,4.19380952,4.40999985,4.81999969
SEP1964,3.58061553,3.84455714,4.20380952,4.42000008,4.81999969
OCT1964,3.62116437,3.85794286,4.18809524,4.42000008,4.81000042
NOV1964,3.69357281,3.9009,4.15277778,4.43000031,4.81000042
DEC1964,3.88786862,3.97520909,4.17954545,4.43999958,4.81000042
JAN1965,3.85948459,3.88864,4.1895,4.43000031,4.80000019
FEB1965,3.98473459,3.95568333,4.21111111,4.40999985,4.77999973
MAR1965,3.98373068,4.00931739,4.21043478,4.42000008,4.77999973
APR1965,3.98079239,3.96752857,4.20380952,4.43000031,4.80000019
MAY1965,3.9436229,3.96589,4.2115,4.43999958,4.81000042
JUN1965,3.85699639,3.92457273,4.21318182,4.46000004,4.85000038
JUL1965,3.88810998,3.92272381,4.2047619,4.47999954,4.88000011
AUG1965,3.89570187,4.00959545,4.25227273,4.48999977,4.88000011
SEP1965,3.97789603,4.12360476,4.29047619,4.52000046,4.90999985
OCT1965,4.08148777,4.1642,4.3495,4.56000042,4.93000031
NOV1965,4.14423111,4.27678421,4.44894737,4.60000038,4.94999981
DEC1965,4.443105,4.61866364,4.61545455,4.68000031,5.02000046
JAN1966,4.6498393,4.75885714,4.61238095,4.73999977,5.06000042
FEB1966,4.71564106,4.85977368,4.83210526,4.77999973,5.11999989
MAR1966,4.64969237,4.85332609,4.87347826,4.92000008,5.31999969
APR1966,4.68160198,4.75772,4.75,4.96000004,5.40999985
MAY1966,4.70100716,4.85169048,4.77857143,4.97999954,5.47999954
JUN1966,4.56152419,4.91145,4.81454545,5.06999969,5.57999992
JUL1966,4.86356143,5.11009,5.018,5.15999985,5.68000031
AUG1966,5.02828776,5.4503087,5.22434783,5.31000042,5.82999992
SEP1966,5.44149085,5.56269524,5.18238095,5.48999977,6.09000015
OCT1966,5.4200825,5.30917,5.0115,5.40999985,6.10000038
NOV1966,5.39268596,5.35645263,5.15526316,5.35000038,6.13000011
DEC1966,5.03311487,5.01949524,4.84285714,5.39000034,6.18000031
JAN1967,4.78499958,4.61695714,4.57904762,5.19999981,5.97000027
FEB1967,4.62393355,4.58755,4.62666667,5.02999973,5.81999969
MAR1967,4.31777403,4.33787273,4.54181818,5.13000011,5.85000038
APR1967,3.89040283,4.139935,4.5935,5.10999966,5.82999992
MAY1967,3.65287045,4.34497727,4.84772727,5.23999977,5.96000004
JUN1967,3.58467448,4.67775455,5.02272727,5.43999958,6.14999962
JUL1967,4.26344859,5.02411,5.159,5.57999992,6.26000023
AUG1967,4.32442525,5.132,5.27565217,5.61999989,6.32999992
SEP1967,4.48545026,5.255285,5.302,5.64999962,6.39999962
OCT1967,4.62039363,5.30120952,5.48095238,5.81999969,6.52000046
NOV1967,4.79209545,5.54538,5.7535,6.06999969,6.72000027
DEC1967,5.03741109,5.579795,5.699,6.18999958,6.93000031
JAN1968,5.06468882,5.3846,5.52863636,6.17000008,6.84000015
FEB1968,5.04749473,5.40870526,5.56368421,6.10000038,6.80000019
MAR1968,5.23682023,5.59851905,5.74,6.10999966,6.85000038
APR1968,5.45100031,5.54075,5.6385,6.21000004,6.97000027
MAY1968,5.73373014,5.83380455,5.86954545,6.27000046,7.02999973
JUN1968,5.59950719,5.673265,5.718,6.27999973,7.06999969
JUL1968,5.38630791,5.36246364,5.49545455,6.23999977,6.97999954
AUG1968,5.15684331,5.14353636,5.42045455,6.02000046,6.81999969
SEP1968,5.26549344,5.14371,5.46,5.97000027,6.78999996
OCT1968,5.42495267,5.22359565,5.5826087,6.09000015,6.84000015
NOV1968,5.52668982,5.33094444,5.69611111,6.18999958,7.01000023
DEC1968,6.03812546,5.86778095,6.03190476,6.44999981,7.22999954
JAN1969,6.22445324,6.04634545,6.04181818,6.59000015,7.31999969
FEB1969,6.20524626,6.19506842,6.18894737,6.65999985,7.30000019
MAR1969,6.09926111,6.297445,6.296,6.85000038,7.51000023
APR1969,6.19790393,6.15901429,6.17333333,6.89000034,7.53999996
MAY1969,6.12549665,6.3832381,6.32333333,6.78999996,7.52000046
JUN1969,6.52759921,6.84810952,6.57428571,6.97999954,7.69999981
JUL1969,7.09672489,7.45800476,6.71952381,7.07999992,7.84000015
AUG1969,7.07789868,7.43772381,6.69142857,6.97000027,7.85999966
SEP1969,7.18747648,7.78205714,7.15952381,7.14000034,8.05000019
OCT1969,7.09485969,7.59946818,7.09545455,7.32999992,8.22000027
NOV1969,7.34072724,7.73178824,7.14411765,7.35000038,8.25
DEC1969,7.92473223,8.05083182,7.65409091,7.72000027,8.64999962
JAN1970,7.97625259,8.1744,7.7947619,7.90999985,8.85999966
FEB1970,7.22577383,7.69426667,7.23833333,7.93000031,8.77999973
MAR1970,6.71730751,7.07958571,7.07285714,7.84000015,8.63000011
APR1970,6.60228875,7.25180909,7.39090909,7.82999992,8.69999981
MAY1970,6.93211714,7.90625238,7.90619048,8.10999966,8.97999954
JUN1970,6.76816808,7.79476364,7.84181818,8.47999954,9.25
JUL1970,6.53870151,7.44948636,7.45727273,8.43999958,9.39999962
AUG1970,6.49911872,7.31384286,7.52714286,8.13000011,9.43999958
SEP1970,6.20900666,6.99304762,7.38952381,8.09000015,9.39000034
OCT1970,5.98792299,6.82520952,7.32666667,8.02999973,9.32999992
NOV1970,5.35492415,6.01596667,6.84111111,8.05000019,9.38000011
DEC1970,4.93244703,5.47591364,6.39136364,7.64000034,9.11999989
JAN1971,4.49609377,5.173565,6.2385,7.35999966,8.73999977
FEB1971,3.74594768,4.52240556,6.11222222,7.07999992,8.39000034
MAR1971,3.42398149,4.11391739,5.70347826,7.21000004,8.46000004
APR1971,3.9146595,4.88981429,5.83380952,7.25,8.44999981
MAY1971,4.20009132,5.60548,6.3925,7.52999973,8.61999989
JUN1971,4.81909649,6.01713182,6.52227273,7.64000034,8.75
JUL1971,5.4747981,6.49275238,6.72952381,7.64000034,8.76000023
AUG1971,5.00340575,6.15835455,6.58315455,7.59000015,8.76000023
SEP1971,4.75555395,5.70059048,6.24492381,7.43999958,8.59000015
OCT1971,4.52197034,5.32384211,5.99399474,7.39000034,8.47999954
NOV1971,4.27561306,5.07422,5.972805,7.26000023,8.38000011
DEC1971,4.06480733,4.99176818,6.03709091,7.25,8.38000011
JAN1972,3.43097024,4.78437619,6.031,7.18999958,8.22999954
FEB1972,3.24111362,4.87613,6.121,7.27000046,8.22999954
MAR1972,3.78096742,5.23467727,6.16947273,7.23999977,8.23999977
APR1972,3.7565922,5.57497,6.321915,7.30000019,8.23999977
MAY1972,3.73857571,5.19490455,6.16453182,7.30000019,8.22999954
JUN1972,3.96758335,5.35144091,6.16759091,7.22999954,8.19999981
JUL1972,4.03789811,5.51046,6.147715,7.21000004,8.22999954
AUG1972,4.07364205,5.50410435,6.25929565,7.18999958,8.18999958
SEP1972,4.72468434,5.850435,6.49139,7.22000027,8.09000015
OCT1972,4.80425993,5.906725,6.37594,7.21000004,8.06000042
NOV1972,4.84531484,5.75415,6.28045,7.11999989,7.98999977
DEC1972,5.13979474,5.839805,6.30857,7.07999992,7.93000031
JAN1973,5.48214852,6.17228182,6.39748182,7.14999962,7.89999962
FEB1973,5.67649199,6.49046667,6.59053889,7.22000027,7.97000027
MAR1973,6.17745453,6.88011818,6.68902273,7.28999996,8.02999973
APR1973,6.34913877,6.80609,6.6472,7.26000023,8.09000015
MAY1973,6.44562538,6.86295909,6.75962273,7.28999996,8.06000042
JUN1973,7.28402121,6.95421905,6.7104,7.36999989,8.13000011
JUL1973,8.11962501,7.77028095,7.11345238,7.44999981,8.23999977
AUG1973,8.79271251,8.18505217,7.33361304,7.68000031,8.52999973
SEP1973,8.39916451,7.55193684,7.03546316,7.63000011,8.63000011
OCT1973,7.3168466,6.95348095,6.79285714,7.60000038,8.40999985
NOV1973,7.94017049,7.134195,6.78962,7.67000008,8.42000008
DEC1973,7.55561764,6.91171579,6.73581053,7.68000031,8.47999954
JAN1974,7.87681038,7.04819545,6.95591818,7.82999992,8.47999954
FEB1974,7.22126725,6.69851111,6.95768333,7.85000038,8.52999973
MAR1974,8.07086952,7.41619048,7.25757143,8.01000023,8.61999989
APR1974,8.44933595,8.16775714,7.69473333,8.25,8.86999989
MAY1974,8.338987,8.43287727,7.84150455,8.36999989,9.05000019
JUN1974,8.01062495,8.266945,7.821405,8.47000027,9.27000046
JUL1974,7.65056385,8.53636818,7.94511364,8.72000027,9.47999954
AUG1974,9.08134159,8.85292727,8.31677273,9,9.77000046
SEP1974,8.17284357,8.51186,8.211215,9.23999977,10.18000031
OCT1974,7.56347788,8.02055455,7.75935909,9.27000046,10.47999954
NOV1974,7.57719651,7.61338333,7.5497,8.89000034,10.60000038
DEC1974,7.24974823,7.17490952,7.31134286,8.89000034,10.63000011
JAN1975,6.44318182,7.06475909,7.3562,8.82999992,10.81000042
FEB1975,5.65333333,6.3811,7.24367778,8.61999989,10.64999962
MAR1975,5.6485,6.518115,7.379825,8.67000008,10.47999954
APR1975,5.76818182,7.45178182,7.93336364,8.94999981,10.57999992
MAY1975,5.38,7.03065714,7.80039048,8.89999962,10.68999958
JUN1975,5.50142857,6.82370952,7.62601429,8.77000046,10.61999989
JUL1975,6.32636364,7.49445455,7.79396364,8.84000015,10.55000019
AUG1975,6.65285714,7.98875714,8.0929,8.94999981,10.59000015
SEP1975,6.63095238,8.05789048,8.21328571,8.94999981,10.60999966
OCT1975,6.14636364,7.48180455,8.04097727,8.85999966,10.61999989
NOV1975,5.64352941,7.11317647,7.94319412,8.77999973,10.56000042
DEC1975,5.60954545,7.16240455,7.85851364,8.78999996,10.56000042
JAN1976,5.00904762,6.5828,7.64637143,8.60000038,10.40999985
FEB1976,5.02111111,6.65543333,7.65474444,8.55000019,10.23999977
MAR1976,5.13304348,6.82434783,7.63813043,8.52000046,10.11999989
APR1976,4.9852381,6.50699524,7.47982381,8.39999962,9.93999958
MAY1976,5.3445,7.00026,7.73387,8.57999992,9.85999966
JUN1976,5.55727273,7.04394091,7.72938182,8.61999989,9.89000034
JUL1976,5.37190476,6.82348571,7.69905714,8.56000042,9.81999969
AUG1976,5.28181818,6.60232727,7.62006364,8.44999981,9.64000034
SEP1976,5.22095238,6.40161429,7.49508095,8.38000011,9.39999962
OCT1976,5.0485,6.0162,7.33876,8.31999969,9.28999996
NOV1976,4.87684211,5.8347,7.19641579,8.25,9.22999954
DEC1976,4.45590909,5.41445,6.79337727,7.97999954,9.11999989
JAN1977,4.73619048,5.94470476,7.07925714,7.96000004,9.07999992
FEB1977,4.78526316,6.12783684,7.26881053,8.03999996,9.11999989
MAR1977,4.72130435,6.1206087,7.3369,8.10000038,9.11999989
APR1977,4.6505,5.980875,7.26745,8.03999996,9.06999969
MAY1977,5.08952381,6.25592381,7.38241429,8.05000019,9.01000023
JUN1977,5.15,6.11981364,7.23309545,7.94999981,8.90999985
JUL1977,5.32631579,6.25051053,7.25747895,7.93999958,8.86999989
AUG1977,5.64391304,6.60210435,7.31293043,7.97999954,8.81999969
SEP1977,5.9747619,6.69227619,7.29736667,7.92000008,8.80000019
OCT1977,6.3425,7.09288,7.478705,8.03999996,8.89000034
NOV1977,6.28421053,7.09716842,7.53100526,8.07999992,8.94999981
DEC1977,6.24428571,7.14331905,7.65653333,8.18999958,8.98999977
JAN1978,6.63571429,7.47182,7.93799048,8.40999985,9.17000008
FEB1978,6.64222222,7.52022222,8.00568889,8.47000027,9.19999981
MAR1978,6.48181818,7.52871364,7.99448182,8.47000027,9.22000027
APR1978,6.475,7.718505,8.08152,8.56000042,9.31999969
MAY1978,6.60238095,8.01026667,8.21894762,8.68999958,9.48999977
JUN1978,6.94363636,8.23755455,8.38518636,8.76000023,9.60000038
JUL1978,7.244,8.499125,8.57638,8.88000011,9.60000038
AUG1978,7.30478261,8.33354348,8.33101304,8.68999958,9.47999954
SEP1978,8.111,8.4802,8.35395,8.68999958,9.42000008
OCT1978,8.26571429,8.79709524,8.54698571,8.89000034,9.59000015
NOV1978,8.9565,9.41226,8.70904,9.02999973,9.82999992
DEC1978,9.4135,9.722655,8.932945,9.15999985,9.93999958
JAN1979,9.69227273,9.90885455,9.03384091,9.25,10.13000011
FEB1979,9.67833333,9.59213333,8.98152222,9.26000023,10.07999992
MAR1979,9.86863636,9.66010909,9.04338182,9.36999989,10.26000023
APR1979,9.848,9.64465,9.10823,9.38000011,10.32999992
MAY1979,10.01142857,9.65478571,9.13655238,9.5,10.47000027
JUN1979,9.41666667,9.1003,8.81071429,9.28999996,10.38000011
JUL1979,9.61333333,9.06221905,8.80155238,9.19999981,10.28999996
AUG1979,9.9126087,9.3441913,8.93759565,9.22999954,10.35000038
SEP1979,10.68368421,10.02139474,9.26571579,9.43999958,10.53999996
OCT1979,12.25363636,11.37028182,10.25135,10.13000011,11.39999962
NOV1979,12.34842105,11.55398947,10.57235789,10.76000023,11.98999977
DEC1979,12.613,11.076905,10.302585,10.73999977,12.06000042
JAN1980,12.57136364,11.30678182,10.72664545,11.09000015,12.42000008
FEB1980,13.50105263,13.16248421,12.29762632,12.38000011,13.56999969
MAR1980,16.01571429,14.74274286,12.58852381,12.96000004,14.44999981
APR1980,13.8452381,12.29158095,11.37901905,12.03999996,14.18999958
MAY1980,8.88619048,9.41782381,10.14020476,10.98999977,13.17000008
JUN1980,7.30047619,8.7181,9.62754762,10.57999992,12.71000004
JUL1980,8.33409091,9.09246364,10.02932727,11.06999969,12.64999962
AUG1980,9.47190476,10.54310952,10.96790952,11.64000034,13.14999962
SEP1980,10.68714286,11.5910619,11.46921429,12.02000046,13.69999981
OCT1980,12.13272727,12.06464091,11.75027273,12.31000042,14.22999954
NOV1980,14.40764706,13.31967059,12.57974706,12.97000027,14.64000034
DEC1980,16.31727273,13.81186364,12.70240455,13.21000004,15.14000034
JAN1981,15.81904762,12.97291429,12.38390476,12.81000042,15.02999973
FEB1981,15.56222222,13.52354444,13.02792778,13.35000038,15.36999989
MAR1981,14.00772727,13.29155455,13.10229545,13.32999992,15.34000015
APR1981,14.32380952,13.87657143,13.5592,13.88000011,15.56000042
MAY1981,17.227,15.229145,13.949865,14.31999969,15.94999981
JUN1981,15.50454545,14.24780455,13.25677727,13.75,15.80000019
JUL1981,15.69181818,15.07174545,14.03656364,14.38000011,16.16999817
AUG1981,16.34857143,15.99153333,14.6813,14.89000034,16.33999634
SEP1981,15.47142857,16.22028571,15.1874381,15.48999977,16.91999817
OCT1981,14.20857143,15.35070952,14.97302857,15.39999962,17.11000061
NOV1981,11.31277778,12.83954444,13.1881,14.22000027,16.38999939
DEC1981,11.30272727,13.32066818,13.54482273,14.22999954,16.55000305
JAN1982,12.837,14.527985,14.48817,15.18000031,17.1000061
FEB1982,14.13944444,14.63003333,14.30721111,15.27000046,17.17999268
MAR1982,13.27086957,13.97507826,13.67126957,14.57999992,16.82000732
APR1982,13.29714286,14.09275238,13.60805714,14.46000004,16.77999878
MAY1982,12.6335,13.641185,13.3979,14.26000023,16.63999939
JUN1982,13.04227273,14.27719091,14.08157273,14.81000042,16.91999817
JUL1982,11.86571429,13.76865238,13.73107619,14.60999966,16.80000305
AUG1982,8.99681818,12.38102727,12.82302273,13.71000004,16.32000732
SEP1982,8.19238095,11.87787619,12.1705,12.93999958,15.63000011
OCT1982,7.97,10.425755,11.090105,12.11999989,14.72999954
NOV1982,8.34368421,9.97608947,10.72657895,11.68000031,14.30000019
DEC1982,8.20727273,9.77547273,10.74424091,11.82999992,14.14000034
JAN1983,8.12190476,9.46290952,10.67925714,11.78857099,13.93999958
FEB1983,8.39473684,9.7523,10.88991053,12.00736804,13.94999981
MAR1983,8.6673913,9.65426522,10.66168696,11.73260838,13.60999966
APR1983,8.5215,9.586115,10.557565,11.5134995,13.28999996
MAY1983,8.49952381,9.45727619,10.54002381,11.46380906,13.09000015
JUN1983,9.13818182,10.15164091,10.98435455,11.743636,13.36999989
JUL1983,9.4435,10.698355,11.52269,12.14749961,13.39000034
AUG1983,9.72434783,11.06374348,11.89640435,12.51391266,13.64000034
SEP1983,9.35333333,10.75369524,11.71914762,12.36523764,13.55000019
OCT1983,8.9195,10.49342,11.61086,12.24761854,13.46000004
NOV1983,9.10736842,10.56240526,11.70735789,12.413809,13.60999966
DEC1983,9.35333333,10.76402857,11.83248571,12.57095192,13.75
JAN1984,9.25619048,10.60555238,11.67730476,12.19999963,13.64999962
FEB1984,9.45052632,10.69883684,11.80149474,12.08349967,13.59000015
MAR1984,9.88318182,11.21681818,12.30694091,12.57363597,13.98999977
APR1984,10.0705,11.57749,12.610985,12.80849957,14.31000042
MAY1984,10.22045455,12.33758182,13.34647727,13.28272689,14.73999977
JUN1984,10.25571429,12.82640476,13.5363381,13.5490472,15.05000019
JUL1984,10.51952381,12.76578095,13.34912381,13.43523757,15.14999962
AUG1984,10.89434783,12.32831304,12.70556522,12.87347781,14.63000011
SEP1984,10.78947368,12.15736842,12.4802,12.6599996,14.35000038
OCT1984,10.11590909,11.60260909,12.10462273,12.63130395,13.93999958
NOV1984,8.91684211,10.65354737,11.57687895,12.29095241,13.47999954
DEC1984,8.3365,10.265905,11.52648,12.12949996,13.39999962
JAN1985,8.01761905,10.03817619,11.43085714,12.07863595,13.26000023
FEB1985,8.55444444,10.20953889,11.52878333,12.1268419,13.22999954
MAR1985,8.82095238,10.74201429,11.90032381,12.56142861,13.68999958
APR1985,8.21809524,10.12255714,11.50049524,12.22571423,13.51000023
MAY1985,7.72681818,9.43315909,10.94238182,11.72318181,13.14999962
JUN1985,7.1735,8.72206,10.27421,10.94200001,12.39999962
JUL1985,7.30863636,8.81038182,10.43023182,10.96545449,12.43000031
AUG1985,7.36363636,8.96729091,10.49056364,11.04909095,12.5
SEP1985,7.32736842,8.98501579,10.53255263,11.06500006,12.47999954
OCT1985,7.39181818,8.89136818,10.40304091,11.01521737,12.35999966
NOV1985,7.47210526,8.57916316,9.96178947,10.5474999,11.98999977
DEC1985,7.32666667,8.22388571,9.4742,10.1628571,11.57999992
JAN1986,7.3,8.24460476,9.38431429,10.050909,11.43636305
FEB1986,7.29052632,8.02716316,8.95011053,9.66684206,11.11263119
MAR1986,6.762,7.370865,8.02855,8.99550004,10.49499955
APR1986,6.23409091,6.89185455,7.54105909,8.78863638,10.19045409
MAY1986,6.33238095,7.26441905,8.0224381,9.08857146,10.28571388
JUN1986,6.39380952,7.39598095,8.21162381,9.13238094,10.33952341
JUL1986,5.99681818,6.84853182,7.77306818,8.87545464,10.16454506
AUG1986,5.68238095,6.4435619,7.57136667,8.7233334,10.18190434
SEP1986,5.35,6.44961905,7.86294762,8.88857133,10.20190441
OCT1986,5.31954545,6.33390455,7.80642273,8.86173912,10.23652135
NOV1986,5.49722222,6.28312222,7.60523889,8.68157889,10.06736796
DEC1986,5.68181818,6.29384545,7.42569091,8.4945455,9.97227233
JAN1987,5.577,6.26577,7.365375,8.35952364,9.72428512
FEB1987,5.75105263,6.42931579,7.46566842,8.38421064,9.65315739
MAR1987,5.76318182,6.45083182,7.42179545,8.36363624,9.60999966
APR1987,5.81142857,7.10360476,8.16235238,8.85190482,10.04333305
MAY1987,5.8355,7.794725,8.73052,9.32549996,10.51299944
JUN1987,5.845,7.57394545,8.53746364,9.32090907,10.52227233
JUL1987,5.86545455,7.38331364,8.57424091,9.41499996,10.60636317
AUG1987,6.23,7.65224286,8.83963333,9.66904767,10.80285667
SEP1987,6.60761905,8.34490476,9.48089524,10.18047619,11.30666628
OCT1987,6.33285714,8.47202381,9.5778619,10.51727286,11.61954498
NOV1987,5.87157895,7.74812105,8.94216842,10.01449995,11.22649932
DEC1987,5.94863636,7.87178316,9.10057583,10.11409101,11.28681772
JAN1988,5.99526316,7.63026167,8.82229694,9.88000007,11.06949954
FEB1988,5.836,7.17549499,8.40267215,9.396,10.61899953
MAR1988,5.86565217,7.27179282,8.55873718,9.38826097,10.57304303
APR1988,6.078,7.58835318,8.88653217,9.67049999,10.89599953
MAY1988,6.4452381,7.99606492,9.21053635,9.90428575,11.04380907
JUN1988,6.65590909,8.04053216,9.00841297,9.85545449,11.00363632
JUL1988,6.9375,8.26688109,9.18484456,9.96400008,11.11399999
AUG1988,7.28913043,8.62572437,9.36064309,10.11173912,11.2143478
SEP1988,7.47238095,8.47475986,9.07396488,9.81952381,10.89666671
OCT1988,7.588,8.35776321,8.90454318,9.50523817,10.40714273
NOV1988,8.022,8.66569796,9.04223472,9.44714283,10.47761899
DEC1988,8.3447619,9.09910329,9.17760347,9.56761914,10.64523806
JAN1989,8.554,9.18517367,9.16539608,9.62285712,10.6542857
FEB1989,8.83578947,9.37614513,9.24361933,9.63526316,10.60894737
MAR1989,9.13590909,9.73958802,9.41435381,9.80181818,10.66772727
APR1989,8.959,9.50427173,9.24927556,9.791,10.614
MAY1989,8.73181818,9.05914403,8.96099586,9.57272727,10.46272727
JUN1989,8.44090909,8.44525634,8.40534079,9.09636364,10.03318182
JUL1989,8.15,7.86633441,8.11085722,8.9315,9.874
AUG1989,8.16956522,8.17764781,8.20650579,8.95826087,9.87608696
SEP1989,8.0125,8.26648705,8.30114441,9.005,9.9115
OCT1989,7.8947619,8.02686635,8.15010769,8.91954545,9.81
NOV1989,7.94380952,7.82259998,7.98660996,8.89095238,9.81238095
DEC1989,7.88,7.81106332,7.93802453,8.8565,9.8185
JAN1990,7.89666667,8.11472268,8.30743763,8.98909091,9.94227273
FEB1990,8.00105263,8.37203789,8.57134114,9.22263158,10.14421053
MAR1990,8.16772727,8.59926306,8.68849045,9.36863636,10.20681818
APR1990,8.039,8.71972005,8.86525531,9.4635,10.3015
MAY1990,8.00409091,8.62541417,8.84511233,9.465,10.41136364
JUN1990,7.98380952,8.343429,8.58390274,9.25666667,10.22047619
JUL1990,7.87428571,8.18480513,8.57072489,9.24238095,10.19571429
AUG1990,7.6926087,8.10284164,8.82542191,9.40826087,10.41217391
SEP1990,7.59631579,8.13656853,8.99225016,9.56368421,10.63578947
OCT1990,7.39590909,7.94150282,8.79431692,9.53217391,10.73826087
NOV1990,7.2875,7.64835455,8.4585019,9.29857143,10.62333333
DEC1990,6.949,7.39975499,8.17522002,9.054,10.4345
JAN1991,6.40761905,7.18921558,8.22371566,9.04227273,10.45136364
FEB1991,6.10578947,6.8774185,7.99615633,8.82947368,10.06842105
MAR1991,6.091,7.10570333,8.24667257,8.928,10.09
APR1991,5.82363636,6.96751811,8.18672202,8.85818182,9.94227273
MAY1991,5.62818182,6.85145837,8.24240372,8.85590909,9.86363636
JUN1991,5.7435,7.10553069,8.43664411,9.007,9.962
JUL1991,5.74545455,7.01026315,8.39162661,8.99863636,9.89454545
AUG1991,5.495,6.46355775,8.06358502,8.75136364,9.64545455
SEP1991,5.3715,6.22808327,7.82425783,8.608,9.5145
OCT1991,5.14090909,5.95357911,7.67246177,8.54695652,9.48826087
NOV1991,4.68684211,5.61663918,7.61960186,8.48,9.4535
DEC1991,4.18238095,5.10236389,7.33001109,8.30857143,9.25904762
JAN1992,3.9047619,5.03101798,7.3238985,8.20045455,9.12863636
FEB1992,3.94578947,5.26990812,7.56428396,8.28684211,9.22631579
MAR1992,4.13590909,5.72658359,7.69228506,8.34863636,9.24863636
APR1992,3.83666667,5.37758431,7.64886686,8.32809524,9.20904762
MAY1992,3.7155,5.21515538,7.55940461,8.2795,9.1295
JUN1992,3.74,5.07651572,7.4429586,8.22136364,9.04818182
JUL1992,3.27863636,4.41598017,7.10612475,8.06681818,8.83681818
AUG1992,3.19380952,4.25548724,6.88753833,7.95,8.65285714
SEP1992,2.97095238,3.97071292,6.76274281,7.92047619,8.61666667
OCT1992,2.92285714,4.17216149,6.90409678,7.99,8.83954545
NOV1992,3.19757895,4.65281983,7.10618113,8.096,8.9605
DEC1992,3.28727273,4.719697,6.97834438,7.97727273,8.81045455
JAN1993,3.06578947,4.41076161,6.8428157,7.9055,8.6665
FEB1993,2.98736842,4.11979822,6.51583242,7.70947368,8.39368421
MAR1993,3.01173913,3.96862729,6.28844241,7.58304348,8.14565217
APR1993,2.93,3.86303762,6.23177913,7.46047619,8.14047619
MAY1993,3.019,3.97026719,6.26789977,7.4295,8.214
JUN1993,3.14045455,4.17286473,6.12368658,7.32636364,8.06954545
JUL1993,3.10190476,4.08792873,5.95260739,7.1747619,7.93333333
AUG1993,3.08363636,4.01504192,5.8513994,6.84636364,7.595
SEP1993,3.00809524,3.85634672,5.55698456,6.65714286,7.34190476
OCT1993,3.081,3.86832973,5.50745456,6.67,7.31238095
NOV1993,3.174,4.14707889,5.88345498,6.92809524,7.66047619
DEC1993,3.12545455,4.19355501,5.91218721,6.93181818,7.685
JAN1994,3.037,4.12336465,5.86849863,6.9247619,7.64952381
FEB1994,3.32473684,4.46764606,6.11804706,7.07526316,7.76368421
MAR1994,3.58304348,5.03219618,6.63101942,7.48434783,8.12913043
APR1994,3.76315789,5.59655193,7.1029794,7.88210526,8.52263158
MAY1994,4.2447619,5.99045004,7.27494773,7.99142857,8.62380952
JUN1994,4.23681818,5.92989307,7.18686219,7.96545455,8.64772727
JUL1994,4.438,6.12655268,7.39154059,8.114,8.8035
AUG1994,4.59304348,6.17351908,7.32065872,8.07347826,8.73956522
SEP1994,4.74428571,6.36144166,7.54526332,8.33857143,8.97809524
OCT1994,5.0765,6.72762392,7.79786716,8.56761905,9.2047619
NOV1994,5.434,7.14987243,7.9979298,8.68238095,9.3152381
DEC1994,5.75238095,7.6155381,7.88548095,8.46142857,9.10333333
JAN1995,5.8715,7.52646,7.87968,8.45761905,9.08
FEB1995,5.93421053,7.11196667,7.54388421,8.26,8.85
MAR1995,5.90782609,6.77279374,7.30206604,8.12043478,8.70130435
APR1995,5.83,6.55829277,7.15770132,8.02631579,8.59894737
MAY1995,5.84227273,6.17352884,6.71577015,7.64909091,8.20318182
JUN1995,5.63954545,5.74515105,6.28742124,7.30272727,7.90045455
JUL1995,5.5865,5.81435402,6.3955194,7.4105,8.0385
AUG1995,5.5626087,5.99329111,6.6054424,7.56652174,8.19304348
SEP1995,5.438,5.81681983,6.33375904,7.3165,7.9345
OCT1995,5.43857143,5.72880321,6.14436664,7.12409091,7.75136364
NOV1995,5.51714286,5.51977217,6.0257942,7.01571429,7.6847619
DEC1995,5.2955,5.36182432,5.82507857,6.821,7.4905
JAN1996,5.14238095,5.14680926,5.76797071,6.80772727,7.46590909
FEB1996,4.9645,5.04782156,5.91964327,6.9865,7.6265
MAR1996,5.09428571,5.67404862,6.40956645,7.34619048,8.03619048
APR1996,5.08272727,5.9684419,6.66736432,7.50227273,8.19590909
MAY1996,5.14772727,6.10038572,6.8386682,7.62363636,8.29772727
JUN1996,5.225,6.31479787,6.98409421,7.7095,8.4
JUL1996,5.29454545,6.29635282,6.90834477,7.645,8.35318182
AUG1996,5.18181818,6.03897274,6.67784622,7.46363636,8.17545455
SEP1996,5.2285,6.24505823,6.90480563,7.656,8.345
OCT1996,5.11681818,5.92337502,6.60173598,7.39272727,8.06909091
NOV1996,5.16157895,5.70673367,6.27843602,7.10368421,7.78736842
DEC1996,5.04095238,5.79088202,6.35828934,7.20380952,7.89285714
JAN1997,5.16952381,6.00793004,6.62007857,7.41818182,8.09545455
FEB1997,5.13736842,5.88698526,6.47521108,7.30526316,7.94157895
MAR1997,5.283,6.21505932,6.78578715,7.5595,8.1825
APR1997,5.30227273,6.45214596,6.9769126,7.72590909,8.33681818
MAY1997,5.18285714,6.27378361,6.78720534,7.58571429,8.20285714
JUN1997,5.05714286,6.09903714,6.59209232,7.41047619,8.02047619
JUL1997,5.18863636,5.89540243,6.32144369,7.14045455,7.74727273
AUG1997,5.28190476,5.95097694,6.42176301,7.22142857,7.81666667
SEP1997,5.08333333,5.9028994,6.34767257,7.14809524,7.71285714
OCT1997,5.10409091,5.80283454,6.17733656,6.99772727,7.57181818
NOV1997,5.27722222,5.75549231,5.99623518,6.87055556,7.41888889
DEC1997,5.30181818,5.74962908,5.90425977,6.76636364,7.32590909
JAN1998,5.171,5.39454215,5.66363451,6.6135,7.1965
FEB1998,5.22157895,5.45679924,5.73113628,6.67789474,7.25631579
MAR1998,5.16636364,5.59008882,5.80712111,6.71409091,7.31909091
APR1998,5.08,5.60129528,5.79757295,6.69571429,7.33047619
MAY1998,5.1305,5.6301062,5.82176232,6.697,7.2975
JUN1998,5.10727273,5.56057296,5.66579878,6.53045455,7.13409091
JUL1998,5.09409091,5.50801544,5.61236087,6.55136364,7.14909091
AUG1998,5.03142857,5.33623477,5.46683654,6.52333333,7.14333333
SEP1998,4.72380952,4.79258475,5.01513647,6.40285714,7.08809524
OCT1998,4.05571429,4.29676126,4.8288428,6.37571429,7.18238095
NOV1998,4.52789474,4.67852002,5.07988787,6.40894737,7.33789474
DEC1998,4.50090909,4.60731242,4.94150144,6.21681818,7.22636364
JAN1999,4.44368421,4.70266726,5.07719811,6.23842105,7.28789474
FEB1999,4.54947368,4.94283111,5.34832645,6.39526316,7.38894737
MAR1999,4.56391304,5.1048439,5.58701349,6.62304348,7.53391304
APR1999,4.40272727,5.00877053,5.48679159,6.63727273,7.47909091
MAY1999,4.6265,5.27220683,5.81819156,6.933,7.722
JUN1999,4.69636364,5.64263019,6.18530027,7.23318182,8.015
JUL1999,4.68095238,5.5581965,6.06369089,7.19047619,7.94809524
AUG1999,4.85636364,5.70990279,6.28650116,7.39636364,8.15409091
SEP1999,4.81047619,5.69469641,6.30529447,7.39571429,8.20238095
OCT1999,5.002,5.89394725,6.50846492,7.554,8.378
NOV1999,5.22,5.88807313,6.33820398,7.35761905,8.14904762
DEC1999,5.35136364,6.13075833,6.56835887,7.54636364,8.18727273
JAN2000,5.4695,6.45263088,6.82740845,7.7805,8.3325
FEB2000,5.718,6.61713745,6.70512348,7.677,8.287
MAR2000,5.85521739,6.54456109,6.50373759,7.68173913,8.3673913
APR2000,5.81842105,6.40513978,6.26183102,7.64263158,8.40210526
MAY2000,5.95681818,6.83627789,6.67146992,7.98863636,8.90045455
JUN2000,5.84727273,6.54640779,6.33040621,7.66863636,8.48227273
JUL2000,6.1285,6.40365191,6.23724471,7.6455,8.3465
AUG2000,6.27417391,6.29031775,6.05759104,7.54695652,8.25521739
SEP2000,6.1725,6.11156144,6.05993355,7.6235,8.346
OCT2000,6.2847619,5.98093715,5.95201644,7.54857143,8.34142857
NOV2000,6.3547619,5.94135599,5.89281786,7.45380952,8.27904762
DEC2000,5.933,5.4376081,5.45511515,7.212,8.023
JAN2001,5.28428571,4.86742308,5.38329457,7.15095238,7.92857143
FEB2001,5.00947368,4.74717948,5.35132172,7.10105263,7.87368421
MAR2001,4.53590909,4.4143074,5.17821756,6.97818182,7.84409091
APR2001,3.9655,4.28590851,5.39487706,7.2015,8.0685
MAY2001,3.70272727,4.33550637,5.59776358,7.28863636,8.07181818
JUN2001,3.5647619,4.18116313,5.50712026,7.17761905,7.9747619
JUL2001,3.59238095,4.10762946,5.44388661,7.13428571,7.97
AUG2001,3.4373913,3.817805,5.24049283,7.02043478,7.84869565
SEP2001,2.69176471,3.18967059,5.0484,7.17352941,8.02764706
OCT2001,2.19772727,2.79094091,4.8568,7.02818182,7.90681818
NOV2001,1.9065,2.82909,4.940705,6.9685,7.813
DEC2001,1.72,3.118565,5.403335,6.77,8.04842105
JAN2002,1.6847619,3.03025714,5.32405238,6.54666667,7.86952381
FEB2002,1.75684211,3.01486316,5.23694211,6.50842105,7.89052632
MAR2002,1.8225,3.521155,5.59949,6.8105,8.106
APR2002,1.745,3.39563636,5.48912727,6.76136364,8.03272727
MAY2002,1.76045455,3.24362727,5.39919091,6.75318182,8.08772727
JUN2002,1.732,2.96958,5.15875,6.628,7.95
JUL2002,1.71363636,2.51990909,4.90151364,6.53363636,7.89772727
AUG2002,1.64727273,2.11791364,4.53502273,6.365,7.58181818
SEP2002,1.661,1.979735,4.164105,6.1545,7.396
OCT2002,1.61,1.92398636,4.25241818,6.32181818,7.73363636
NOV2002,1.25473684,1.94037895,4.32511579,6.30631579,7.61736842
DEC2002,1.21095238,1.84301905,4.30927619,6.21428571,7.44857143
JAN2003,1.18904762,1.75627619,4.30055714,6.17333333,7.34761905
FEB2003,1.18526316,1.63877368,4.13788947,5.95105263,7.05684211
MAR2003,1.15095238,1.59187619,4.03792381,5.88619048,6.94904762
APR2003,1.15238095,1.64690476,4.16365238,5.7447619,6.85285714
MAY2003,1.08809524,1.4099,3.74350952,5.21761905,6.37809524
JUN2003,0.93666667,1.22773333,3.50646667,4.96571429,6.19047619
JUL2003,0.92045455,1.50365,4.13555,5.49227273,6.61636364
AUG2003,0.96904762,1.88526667,4.64285714,5.87952381,7.01190476
SEP2003,0.95666667,1.70113333,4.44580952,5.71619048,6.79
OCT2003,0.94090909,1.75401364,4.44580909,5.69772727,6.73272727
NOV2003,0.95222222,1.92308333,4.45186667,5.64833333,6.65777778
DEC2003,0.91545455,1.89653182,4.41164545,5.61954545,6.59636364
JAN2004,0.903,1.750995,4.28013,5.536,6.442
FEB2004,0.94578947,1.73320526,4.21905789,5.50052632,6.26526316
MAR2004,0.95391304,1.56911304,3.96180435,5.32565217,6.11434783
APR2004,0.96190476,2.08865238,4.49659524,5.73095238,6.45904762
MAY2004,1.0435,2.55656,4.87536,6.0375,6.747
JUN2004,1.28666667,2.7767619,4.88394762,6.0147619,6.78380952
JUL2004,1.3547619,2.64413333,4.64075238,5.82285714,6.62238095
AUG2004,1.50727273,2.49815,4.43351818,5.64818182,6.46318182
SEP2004,1.68333333,2.50744286,4.2639,5.45904762,6.26857143
OCT2004,1.7905,2.57024,4.23727,5.468,6.205
NOV2004,2.1085,2.85508,4.32186,5.5155,6.203
DEC2004,2.22727273,3.01718182,4.34166364,5.46954545,6.15363636
JAN2005,2.3825,3.22586,4.315155,5.3575,6.0175
FEB2005,2.59,3.38915789,4.24632632,5.19947368,5.81578947
MAR2005,2.79863636,3.74380455,4.58691364,5.40181818,6.06090909
APR2005,2.84095238,3.67344762,4.42261429,5.32714286,6.04904762
MAY2005,2.89809524,3.64648571,4.22195238,5.15238095,6.00619048
JUN2005,3.03454545,3.64557727,4.07078182,4.96,5.85818182
JUL2005,3.2865,3.8971,4.245485,5.057,5.9525
AUG2005,3.52086957,4.0645087,4.33545217,5.09478261,5.96217391
SEP2005,3.49904762,3.96273333,4.2807619,5.12619048,6.02904762
OCT2005,3.7925,4.309975,4.556775,5.345,6.298
NOV2005,3.9735,4.43768,4.660045,5.415,6.39
DEC2005,3.97714286,4.43184762,4.5715619,5.36952381,6.32095238
JAN2006,4.3365,4.41902,4.50258,5.2945,6.237
FEB2006,4.54421053,4.68937368,4.65915263,5.34789474,6.27
MAR2006,4.62565217,4.77467391,4.82331739,5.52521739,6.41130435
APR2006,4.72368421,4.92130526,5.07325789,5.84210526,6.68052632
MAY2006,4.83545455,4.99568636,5.18649091,5.95136364,6.74545455
JUN2006,4.92136364,5.14721364,5.18157273,5.89136364,6.77954545
JUL2006,5.0765,5.14976,5.14966,5.85,6.762
AUG2006,5.09043478,4.9288913,4.94314783,5.68304348,6.58826087
SEP2006,4.9315,4.783865,4.798065,5.509,6.43
OCT2006,5.04619048,4.8123,4.79939524,5.51,6.42428571
NOV2006,5.07333333,4.7443619,4.6613381,5.33095238,6.20380952
DEC2006,4.977,4.6794,4.63396,5.3225,6.2185
JAN2007,5.1052381,4.88396667,4.82967143,5.40190476,6.34285714
FEB2007,5.16368421,4.85244737,4.79903684,5.38684211,6.27578947
MAR2007,5.08,4.61782273,4.64930455,5.30363636,6.26772727
APR2007,5.00666667,4.70882381,4.7744,5.46714286,6.39333333
MAY2007,4.86772727,4.79265909,4.81561364,5.47454545,6.38545455
JUN2007,4.74190476,5.0075,5.17461429,5.7947619,6.69714286
JUL2007,4.96095238,4.8444,5.08321905,5.73285714,6.65238095
AUG2007,4.3173913,4.35765217,4.79771304,5.7873913,6.65217391
SEP2007,3.99578947,4.05610526,4.62896842,5.73736842,6.59210526
OCT2007,4.00272727,3.9913,4.63227727,5.66090909,6.47954545
NOV2007,3.355,3.36352,4.29991,5.4355,6.395
DEC2007,3.068,3.11828,4.273255,5.492,6.6455
JAN2008,2.82,2.44808095,3.91982381,5.33142857,6.54095238
FEB2008,2.1725,1.961275,3.946475,5.527,6.8235
MAR2008,1.2845,1.609505,3.733365,5.506,6.8925
APR2008,1.315,2.02062273,3.88530454,5.55272727,6.96727273
MAY2008,1.76333333,2.38862381,4.08982384,5.57333333,6.92904762
JUN2008,1.88952381,2.73605715,4.30719051,5.67619048,7.07380952
JUL2008,1.65454545,2.55115456,4.18788641,5.66545455,7.15954545
AUG2008,1.75190476,2.39619999,4.06201906,5.63619048,7.14857143
SEP2008,1.15380952,2.07855237,3.89449998,5.65285714,7.31190476
OCT2008,0.68545455,1.53000911,4.25733184,6.28136364,8.87727273
NOV2008,0.19277778,1.03457779,4.03342779,6.12444444,9.21166667
DEC2008,0.03454545,0.57402727,2.93450001,5.04545455,8.43
